{
  "hash": "6bcbe709",
  "configHash": "c9408079",
  "lockfileHash": "2c36b12c",
  "browserHash": "6a72cc87",
  "optimized": {
    "@angular/cdk/bidi": {
      "src": "../../../../../../node_modules/@angular/cdk/fesm2022/bidi.mjs",
      "file": "@angular_cdk_bidi.js",
      "fileHash": "5feb8b72",
      "needsInterop": false
    },
    "@angular/cdk/scrolling": {
      "src": "../../../../../../node_modules/@angular/cdk/fesm2022/scrolling.mjs",
      "file": "@angular_cdk_scrolling.js",
      "fileHash": "7358ea16",
      "needsInterop": false
    },
    "@angular/common": {
      "src": "../../../../../../node_modules/@angular/common/fesm2022/common.mjs",
      "file": "@angular_common.js",
      "fileHash": "997f33ff",
      "needsInterop": false
    },
    "@angular/common/http": {
      "src": "../../../../../../node_modules/@angular/common/fesm2022/http.mjs",
      "file": "@angular_common_http.js",
      "fileHash": "5eefbf65",
      "needsInterop": false
    },
    "@angular/core": {
      "src": "../../../../../../node_modules/@angular/core/fesm2022/core.mjs",
      "file": "@angular_core.js",
      "fileHash": "fa1b893d",
      "needsInterop": false
    },
    "@angular/fire/app": {
      "src": "../../../../../../node_modules/@angular/fire/fesm2022/angular-fire-app.mjs",
      "file": "@angular_fire_app.js",
      "fileHash": "0c3abac8",
      "needsInterop": false
    },
    "@angular/fire/auth": {
      "src": "../../../../../../node_modules/@angular/fire/fesm2022/angular-fire-auth.mjs",
      "file": "@angular_fire_auth.js",
      "fileHash": "6af77b15",
      "needsInterop": false
    },
    "@angular/forms": {
      "src": "../../../../../../node_modules/@angular/forms/fesm2022/forms.mjs",
      "file": "@angular_forms.js",
      "fileHash": "6b7c8cb8",
      "needsInterop": false
    },
    "@angular/material/button": {
      "src": "../../../../../../node_modules/@angular/material/fesm2022/button.mjs",
      "file": "@angular_material_button.js",
      "fileHash": "a71cd3ae",
      "needsInterop": false
    },
    "@angular/material/card": {
      "src": "../../../../../../node_modules/@angular/material/fesm2022/card.mjs",
      "file": "@angular_material_card.js",
      "fileHash": "256fe6e2",
      "needsInterop": false
    },
    "@angular/material/icon": {
      "src": "../../../../../../node_modules/@angular/material/fesm2022/icon.mjs",
      "file": "@angular_material_icon.js",
      "fileHash": "7f59b85d",
      "needsInterop": false
    },
    "@angular/material/menu": {
      "src": "../../../../../../node_modules/@angular/material/fesm2022/menu.mjs",
      "file": "@angular_material_menu.js",
      "fileHash": "73882bdf",
      "needsInterop": false
    },
    "@angular/material/slide-toggle": {
      "src": "../../../../../../node_modules/@angular/material/fesm2022/slide-toggle.mjs",
      "file": "@angular_material_slide-toggle.js",
      "fileHash": "d1044249",
      "needsInterop": false
    },
    "@angular/material/toolbar": {
      "src": "../../../../../../node_modules/@angular/material/fesm2022/toolbar.mjs",
      "file": "@angular_material_toolbar.js",
      "fileHash": "7a2647e2",
      "needsInterop": false
    },
    "@angular/platform-browser": {
      "src": "../../../../../../node_modules/@angular/platform-browser/fesm2022/platform-browser.mjs",
      "file": "@angular_platform-browser.js",
      "fileHash": "6e2ce7c6",
      "needsInterop": false
    },
    "@angular/router": {
      "src": "../../../../../../node_modules/@angular/router/fesm2022/router.mjs",
      "file": "@angular_router.js",
      "fileHash": "9497d670",
      "needsInterop": false
    },
    "angularx-qrcode": {
      "src": "../../../../../../node_modules/angularx-qrcode/fesm2022/angularx-qrcode.mjs",
      "file": "angularx-qrcode.js",
      "fileHash": "e336b304",
      "needsInterop": false
    },
    "ng-recaptcha": {
      "src": "../../../../../../node_modules/ng-recaptcha/fesm2022/ng-recaptcha.mjs",
      "file": "ng-recaptcha.js",
      "fileHash": "9cc44e09",
      "needsInterop": false
    },
    "rxjs": {
      "src": "../../../../../../node_modules/rxjs/dist/esm5/index.js",
      "file": "rxjs.js",
      "fileHash": "1fbaa3ca",
      "needsInterop": false
    },
    "sweetalert2": {
      "src": "../../../../../../node_modules/sweetalert2/dist/sweetalert2.esm.all.js",
      "file": "sweetalert2.js",
      "fileHash": "78399db4",
      "needsInterop": false
    }
  },
  "chunks": {
    "chunk-S274G7NN": {
      "file": "chunk-S274G7NN.js"
    },
    "chunk-UMC2OMFO": {
      "file": "chunk-UMC2OMFO.js"
    },
    "chunk-TYLE5VGH": {
      "file": "chunk-TYLE5VGH.js"
    },
    "chunk-XITBZ4JS": {
      "file": "chunk-XITBZ4JS.js"
    },
    "chunk-7RYB5OGS": {
      "file": "chunk-7RYB5OGS.js"
    },
    "chunk-2O4WY5GE": {
      "file": "chunk-2O4WY5GE.js"
    },
    "chunk-BR3QBUU3": {
      "file": "chunk-BR3QBUU3.js"
    },
    "chunk-HAGGZQTW": {
      "file": "chunk-HAGGZQTW.js"
    },
    "chunk-2Q6CLYNM": {
      "file": "chunk-2Q6CLYNM.js"
    },
    "chunk-YORKO6IW": {
      "file": "chunk-YORKO6IW.js"
    },
    "chunk-M3ML4UVG": {
      "file": "chunk-M3ML4UVG.js"
    },
    "chunk-T76KFTN6": {
      "file": "chunk-T76KFTN6.js"
    },
    "chunk-U2F2VXZB": {
      "file": "chunk-U2F2VXZB.js"
    },
    "chunk-KQRJEA6T": {
      "file": "chunk-KQRJEA6T.js"
    },
    "chunk-5GJL4QNX": {
      "file": "chunk-5GJL4QNX.js"
    },
    "chunk-L7O5LDHY": {
      "file": "chunk-L7O5LDHY.js"
    },
    "chunk-TWWAJFRB": {
      "file": "chunk-TWWAJFRB.js"
    }
  }
}