[
  {
    "nombre": "Yoga",
    "descripcion": "Mejora tu flexibilidad y reduce el estrés.",
    "horario": "Lunes, Miércoles, Viernes - 7:00 AM a 8:00 AM",
    "entrenadores": ["Ana López", "Carlos Ramírez"]
  },
  {
    "nombre": "Kickboxing",
    "descripcion": "Entrenamiento de alta intensidad.",
    "horario": "Martes, Jueves - 6:00 PM a 7:00 PM",
    "entrenadores": ["Pedro Martínez", "Sara Díaz"]
  },
  {
    "nombre": "CrossFit",
    "descripcion": "Aumenta tu resistencia y fuerza.",
    "horario": "Sábados - 10:00 AM a 11:30 AM",
    "entrenadores": ["Juan Pérez", "Miguel Torres"]
  },
  {
    "nombre": "Pilates",
    "descripcion": "Fortalece tu core y mejora la postura.",
    "horario": "Martes, Jueves - 9:00 AM a 10:00 AM",
    "entrenadores": ["Laura García", "Daniel Gómez"]
  }
]
